  {
    "distance": 2800,
    "moving_time": 3600,
    "type": "Swim",
    "start_date": "2019-01-14T10:00:00Z"
  }
  {
    "distance": 29318.9,
    "moving_time": 4901,
    "type": "Ride",
    "start_date": "2019-01-13T11:32:02Z"
  }
  {
    "distance": 9479.1,
    "moving_time": 2646,
    "type": "Run",
    "start_date": "2019-01-12T17:59:16Z"
  }
  
  {
    "distance": 5000,
    "moving_time": 3600,
    "type": "Workout",
    "start_date": "2019-01-11T18:00:00Z"
  }
  {
    "distance": 18849.8,
    "moving_time": 2954,
    "type": "Ride",
    "start_date": "2019-01-11T10:47:29Z"
  }
  {
    "distance": 22947.4,
    "moving_time": 3623,
    "type": "Ride",
    "start_date": "2019-01-10T09:27:07Z"
  }
  {
    "distance": 2250,
    "moving_time": 3600,
    "type": "Swim",
    "start_date": "2019-01-08T15:30:00Z"
   }
  {
    "distance": 29931.4,
    "moving_time": 5133,
    "type": "Ride",
    "start_date": "2019-01-07T10:48:23Z"
  }
  {
    "distance": 9583.5,
    "moving_time": 2720,
    "type": "Run",
    "start_date": "2019-01-06T10:15:26Z"
  }
  {
    "distance": 24481.4,
    "moving_time": 3613,
    "type": "Ride",
    "start_date": "2019-01-05T09:31:50Z"
  }
  {
    "distance": 1850,
    "moving_time": 3000,
    "type": "Swim",
    "start_date": "2019-01-04T15:00:00Z"
  }
  {
    "distance": 5000,
    "moving_time": 3600,
    "type": "Workout",
    "start_date": "2019-01-03T18:00:00Z"
  }
  {
    "distance": 17251.9,
    "moving_time": 5209,
    "type": "Ride",
    "start_date": "2019-01-01T08:44:36Z"
  }
  {
    "distance": 4141,
    "moving_time": 4427,
    "type": "Walk",
    "start_date": "2018-12-31T12:36:44Z"
  }
  {"distance": 17833.3,
    "moving_time": 5656,
    "type": "Ride",
    "start_date": "2018-12-31T08:45:43Z"
  }
  {
    "distance": 12235.3,
    "moving_time": 3612,
    "type": "Ride",
    "start_date": "2018-12-30T09:34:40Z"
  }
  {
    "distance": 1500,
    "moving_time": 2400,
    "type": "Swim",
    "start_date": "2018-12-28T13:30:00Z"
  }
  { "distance": 3637.1,
    "moving_time": 3162,
    "type": "Walk",
    "start_date": "2018-12-26T15:44:28Z"
    }
  {
    "distance": 62525.5,
    "moving_time": 9394,
    "type": "Ride",
    "start_date": "2018-12-26T09:57:34Z"
  }
  {
    "distance": 39155.5,
    "moving_time": 6311,
    "type": "Ride",
    "start_date": "2018-12-25T09:52:47Z"
  }
  {
    "distance": 41179.1,
    "moving_time": 6649,
    "type": "Ride",
    "start_date": "2018-12-24T09:19:53Z"
  }
  {
    "distance": 36156.8,
    "moving_time": 5703,
    "type": "Ride",
    "start_date": "2018-12-22T11:24:05Z"
  }
  {
    "distance": 2000,
    "moving_time": 3000,
    "type": "Swim",
    "start_date": "2018-12-21T15:00:00Z"
  }
  {
    "distance": 3237.8,
    "moving_time": 1899,
    "type": "Run",
    "start_date": "2018-12-20T10:14:22Z"
  }
  {
    "distance": 2500,
    "moving_time": 3600,
    "type": "Swim",
    "start_date": "2018-12-18T12:00:00Z"
  }
  {
    "distance": 10174.9,
    "moving_time": 2816,
    "type": "Run",
    "start_date": "2018-12-16T18:58:58Z"
  }
  { 
    "distance": 24075.1,
    "moving_time": 4033,
    "type": "Ride",
    "start_date": "2018-12-14T11:53:19Z"
  }
  {
    "distance": 5000,
    "moving_time": 3600,
    "type": "Workout",
    "start_date": "2018-12-12T18:00:00Z"
  }
  {
    "distance": 3000,
    "moving_time": 4500,
    "type": "Swim",
    "start_date": "2018-12-11T15:00:00Z"
  }
  {
    "distance": 4916.9,
    "moving_time": 2977,
    "type": "Run",
    "start_date": "2018-12-11T13:00:39Z"
  }